{"type": "block", "layer": 1, "block": 32, "features": [{"geom": {"lines": [[-2856.309030465316, 1778.296727400273, 170.6090545654297, -2961.0940671488643, 1942.8251369902864, 168.9662628173828, -3014.32704764558, 2036.0476923603565, 168.13169860839844, -3054.980925682932, 2092.185617433861, 167.4943389892578, -3077.456330874469, 2119.882306405343, 167.14198303222656, -3144.4484004345722, 2195.249947800301, 165.8976287841797, -3233.915875185281, 2293.591611011885, 163.65701293945312, -3326.4446359323338, 2402.2844169111922, 162.5914764404297, -3347.205720965285, 2425.1404831791297, 162.54640197753906, -3375.647850862704, 2455.288639390841, 162.47976684570312, -3390.0971207674593, 2468.4417403908446, 162.45877075195312, -3402.56490373658, 2478.8113394808024, 162.446533203125, -3411.804421472829, 2485.260492229834, 162.44712829589844, -3423.3705165656283, 2493.5718702515587, 162.4440155029297, -3440.903336366173, 2504.8628131682053, 162.4480438232422, -3665.713048022706, 2643.766279986128, 162.22332763671875, -3677.7800808246247, 2651.136897609569, 162.19491577148438, -3695.134789439384, 2662.1928371908143, 162.14556884765625]]}, "mtl": {"idx": 0}}, {"geom": {"lines": [[-3009.9521916578524, 1439.3721572132781, 169.42214965820312, -3021.6963979364373, 1455.5810852358118, 169.0641632080078, -3081.1298740706407, 1537.6454285942018, 167.10861206054688, -3138.5373354731128, 1596.3669490329921, 166.1843719482422, -3193.6404834156856, 1635.5279432972893, 165.3204803466797, -3268.747743853368, 1684.410863481462, 164.14297485351562, -3362.990824759472, 1745.7599526559934, 164.80072021484375, -3380.890998878982, 1757.4026141883805, 164.96910095214844, -3397.388547414914, 1766.3404268287122, 165.12429809570312, -3524.2593710715882, 1835.3344151899219, 166.31771850585938, -3951.5815003798343, 2066.7627706751227, 170.16868591308594]]}, "mtl": {"idx": 0}}, {"geom": {"lines": [[-2854.327543528285, 1658.12694545649, 170.64012145996094, -2874.454107464757, 1646.0140289058909, 170.3245849609375, -2929.0674496474676, 1612.576205438003, 169.46836853027344, -2953.8694321955554, 1593.0153416004032, 169.07952880859375, -2971.836398010142, 1569.397330319509, 168.7978515625, -3009.9521916578524, 1439.3721572132781, 169.42214965820312, -2934.13248647796, 1321.7751457057893, 171.6424102783203, -2812.0372689762153, 1139.4641066761687, 174.24542236328125, -2772.9195999116637, 1089.996660830453, 174.7909393310547]]}, "mtl": {"idx": 0}}, {"geom": {"lines": [[-3724.0889889951795, 2680.991891236976, 162.05050659179688, -3640.8554057287984, 2740.2121500307694, 161.00401306152344, -3515.042117233854, 2858.7716448642313, 159.74366760253906, -3460.7293376759626, 2934.8129899948835, 159.5733642578125, -3408.2310658171773, 3078.7231311183423, 159.4087677001953, -3367.4992641364224, 3122.1652681734413, 159.2810516357422, -3354.7643143897876, 3133.2610877156258, 159.24111938476562, -3339.446752457414, 3146.611379282549, 159.19308471679688]]}, "mtl": {"idx": 0}}, {"geom": {"lines": [[-3407.6076766694896, 1152.928557262756, 171.99203491210938, -3403.8450778801925, 1274.3252568598837, 169.83926391601562, -3398.891360539943, 1399.2517762314528, 167.6058349609375, -3393.0582192232832, 1521.6911270804703, 165.3960418701172, -3394.561032347847, 1648.8560545528308, 165.09768676757812, -3388.883738317527, 1713.7133231218904, 165.04429626464844, -3387.648091970943, 1727.7667828761041, 165.0326690673828, -3380.890998878982, 1757.4026141883805, 164.96910095214844]]}, "mtl": {"idx": 0}}, {"geom": {"lines": [[-2690.7658157059923, 1612.1058033229783, 173.2043914794922, -2491.604114727583, 1758.9706507483497, 169.5791015625, -2494.8991716550663, 1945.040041721426, 169.67726135253906, -2632.222895497456, 1946.4905106499791, 173.76780700683594, -2646.3716027773917, 1933.8087171884254, 173.900390625, -2690.4541211319156, 1881.513689209707, 173.2092742919922, -2815.7776038674638, 1796.6428244765848, 171.24449157714844]]}, "mtl": {"idx": 0}}, {"geom": {"lines": [[-3695.134789439384, 2662.1928371908143, 162.14556884765625, -3724.0889889951795, 2680.991891236976, 162.05050659179688, -3954.2976959557272, 2827.8377922382206, 161.47836303710938, -4043.509135877248, 2883.9814538592473, 162.49639892578125]]}, "mtl": {"idx": 0}}, {"geom": {"lines": [[-3524.2593710715882, 1835.3344151899219, 166.31771850585938, -3547.603068290744, 1819.3402995578945, 166.5373077392578, -3571.191668390762, 1789.7826335206628, 166.75918579101562, -3589.7040997087024, 1765.8896158551797, 166.93333435058594, -3630.3134499499574, 1735.4501356650144, 167.31532287597656, -3647.3342000925913, 1705.2851795656607, 167.47543334960938, -3652.699799549766, 1661.4001802019775, 167.52590942382812, -3683.4573748549446, 1556.5985542796552, 167.8152313232422, -3686.4407372083515, 1533.9018487539142, 167.92428588867188]]}, "mtl": {"idx": 0}}, {"geom": {"lines": [[-2640.705440696329, 1442.4101036563516, 174.29464721679688, -2616.081569333095, 1458.1290455674753, 173.62750244140625, -2587.6617033337243, 1478.9635526221246, 172.76953125, -2552.4290844970383, 1425.5152166066691, 172.1885223388672, -2543.7684281133115, 1422.2224818896502, 171.9984588623047, -2533.6160905528814, 1422.2224818896502, 171.7486114501953, -2363.130290403031, 1528.825478978455, 165.9144287109375, -2359.545802799519, 1539.2722203955054, 165.64707946777344, -2437.4805783042684, 1656.911732910201, 167.96688842773438, -2616.0259095882066, 1547.033785989508, 173.28533935546875, -2619.3098345659673, 1534.8034437326714, 173.4016876220703, -2587.6617033337243, 1478.9635526221246, 172.76953125]]}, "mtl": {"idx": 0}}, {"geom": {"lines": [[-3268.747743853368, 1684.410863481462, 164.14297485351562, -3276.6848235479556, 1715.5753560736775, 164.01853942871094, -3292.213892512489, 1725.1207320196554, 164.13494873046875, -3301.7651048228145, 1750.2092505367473, 164.22479248046875, -3305.349592426326, 1765.7328120460734, 164.25851440429688, -3289.8205234608613, 1778.8651421498507, 164.11244201660156, -3244.135004439857, 1795.4471907587722, 164.52883911132812, -3198.8613675343804, 1816.008196289651, 165.23863220214844, -3179.647623423487, 1835.9028341230005, 165.53985595703125, -3179.647623423487, 1869.5180279053748, 165.53985595703125, -3196.111776111182, 1898.3311672052369, 165.28173828125, -3223.55203059176, 1931.260600448586, 164.85153198242188, -3247.5636447556317, 1944.295206433162, 164.47508239746094, -3294.2065113983117, 1931.9466317975894, 164.15370178222656, -3354.575071255211, 1900.3892526850104, 164.7215576171875, -3380.7240196429193, 1880.5924531240016, 164.967529296875]]}, "mtl": {"idx": 0}}, {"geom": {"lines": [[-3665.713048022706, 2643.766279986128, 162.22332763671875, -3705.98843979137, 2594.8773075910285, 163.00633239746094, -3751.774146355223, 2544.028398917988, 163.8843994140625, -3770.965626567602, 2537.5203899750486, 164.078369140625, -3791.3593572811224, 2536.9911244260147, 164.2049560546875, -3840.5069124666043, 2547.8508765995502, 164.34877014160156, -3854.6890155933797, 2540.1667182529345, 164.5343475341797, -3849.6128468131647, 2505.1960530532524, 164.97496032714844, -3895.877227186691, 2458.6406197901815, 165.9086151123047]]}, "mtl": {"idx": 0}}, {"geom": {"lines": [[-2851.043618549593, 1272.6397229870781, 172.9095916748047, -2848.082520095166, 1284.0268833665177, 172.84275817871094, -2809.5771082295105, 1432.3162861987948, 172.12294006347656, -2789.9737459016033, 1507.7752398047596, 171.86444091796875, -2840.523926670663, 1521.9263253901154, 170.99716186523438, -2868.387195216026, 1425.2212223801762, 171.41757202148438]]}, "mtl": {"idx": 0}}, {"geom": {"lines": [[-2690.7658157059923, 1612.1058033229783, 173.2043914794922, -2815.7776038674638, 1796.6428244765848, 171.24449157714844]]}, "mtl": {"idx": 0}}, {"geom": {"lines": [[-2491.604114727583, 1758.9706507483497, 169.5791015625, -2651.458903506398, 1771.2993492549285, 173.8206329345703, -2676.160698513966, 1824.3188565215096, 173.43336486816406, -2690.4541211319156, 1881.513689209707, 173.2092742919922]]},