{"type": "block", "layer": 1, "block": 33, "features": [{"geom": {"lines": [[-418.46784183755517, 1534.764243947342, 168.3672637939453, -426.70548415603116, 1534.1174475420266, 168.2959747314453, -471.67855843668804, 1613.9678118592128, 167.9972686767578, -495.2114987904206, 1645.3672232134268, 167.81280517578125, -523.9653232623823, 1645.3672232134268, 167.58740234375, -557.8509762594476, 1617.6330299740657, 167.32177734375, -567.0904939952306, 1603.2661688961089, 167.24935913085938, -586.604800731875, 1590.9377377191558, 167.0963897705078, -595.8443184681237, 1575.5321263307706, 167.02395629882812, -617.4069038345478, 1562.184541224502, 166.8549346923828, -637.9453498856165, 1552.9529649745673, 166.69393920898438, -651.2925568316132, 1558.0881504062563, 166.5893096923828]]}, "mtl": {"idx": 0}}, {"geom": {"lines": [[-557.8509762594476, 1617.6330299740657, 167.32177734375, -464.2312845028937, 1455.6202846197411, 167.19117736816406, -420.02631470840424, 1367.91216049809, 166.6510772705078]]}, "mtl": {"idx": 0}}, {"geom": {"lines": [[-187.52442623768002, 1282.811729482375, 167.75103759765625, -222.14478787453845, 1304.057350659743, 167.66448974609375, -355.43874615011737, 1327.7333513731137, 166.78060913085938, -357.55381647497416, 1328.713319849223, 166.77279663085938, -359.59096315689385, 1331.4376328615472, 166.78318786621094, -373.0606215428561, 1380.318634873256, 167.16427612304688, -379.7954507363029, 1406.268418006599, 167.3712921142578, -383.19069520477206, 1408.0127796558663, 167.36122131347656, -386.0961339143105, 1408.6399659654126, 167.3438720703125, -389.23534355545416, 1410.6195230800658, 167.33831787109375, -400.52313992148265, 1458.5602389359847, 167.73355102539062, -418.46784183755517, 1534.764243947342, 168.3672637939453, -421.5959195289761, 1546.1125896656886, 168.38986206054688, -469.66367565328255, 1709.538450865075, 168.0130615234375, -469.296321333386, 1711.7924895975739, 168.0159454345703, -467.98275134246796, 1713.7721241526306, 168.0262451171875, -405.142898789607, 1747.8963993359357, 168.51882934570312, -373.29439247446135, 1759.1470548808575, 168.76849365234375, -347.67977764224634, 1770.0449179848656, 168.9692840576172, -324.70343474205583, 1793.3695326037705, 169.14938354492188, -311.1447207638994, 1808.3835653755814, 169.25567626953125, -295.938478320837, 1823.9464446697384, 169.3748779296875, -275.6894629462622, 1834.1975774513558, 169.53359985351562, -251.53313344391063, 1837.784497095272, 169.72296142578125, -236.36028684908524, 1838.254912908189, 169.84190368652344, -224.12627481063828, 1840.391385089606, 169.9377899169922, -213.51752733811736, 1846.2519861198962, 170.0209503173828, -204.24461375456303, 1857.4243816277012, 170.09364318847656, -184.1848415140994, 1867.4011484235525, 170.25088500976562, -180.15507594682276, 1869.4004234746099, 170.28248596191406]]}, "mtl": {"idx": 0}}, {"geom": {"lines": [[-436.8244258691557, 1850.8385465350002, 168.27049255371094, -432.49409767752513, 1837.8628997281194, 168.30442810058594, -435.81141850259155, 1824.8872746471316, 168.27842712402344, -423.243447992485, 1793.310730968602, 168.376953125, -405.142898789607, 1747.8963993359357, 168.51882934570312]]}, "mtl": {"idx": 0}}, {"geom": {"lines": [[-228.86848511826247, 1593.760143126361, 169.90061950683594, -332.4290074026212, 1569.260130465962, 169.08883666992188, -421.5959195289761, 1546.1125896656886, 168.38986206054688]]}, "mtl": {"idx": 0}}, {"geom": {"lines": [[-420.02631470840424, 1367.91216049809, 166.6510772705078, -382.7231533434242, 1377.4767077099532, 167.05599975585938, -373.0606215428561, 1380.318634873256, 167.16427612304688]]}, "mtl": {"idx": 0}}, {"geom": {"lines": [[-397.4841178227216, 1533.0002538794652, 168.51406860351562, -418.46784183755517, 1534.764243947342, 168.3672637939453]]}, "mtl": {"idx": 0}}, {"geom": {"lines": [[-388.75666974438354, 1706.6572023080662, 168.64727783203125, -396.0369644430466, 1729.687620359473, 168.5902099609375, -405.142898789607, 1747.8963993359357, 168.51882934570312]]}, "mtl": {"idx": 0}}, {"geom": {"lines": [[-387.99969720700756, 1543.9565987000242, 168.65321350097656, -380.7527983565815, 1545.5245920708403, 168.71002197265625, -373.50589950568974, 1543.9957985281944, 168.76683044433594, -367.55030674813315, 1539.5662189507857, 168.8135223388672, -363.96581914508715, 1533.0786534296349, 168.7781219482422, -363.23111050529405, 1527.7670857002959, 168.7303924560547, -364.155062279664, 1522.4751214738935, 168.66981506347656, -367.4946470032446, 1516.614765307866, 168.5843963623047, -372.7934547648765, 1512.4595990711823, 168.5006103515625, -379.2722491286695, 1510.6368145840243, 168.43096923828125, -385.98481442406774, 1511.3816081937402, 168.3854217529297, -391.8958793855272, 1514.6155812731013, 168.37147521972656, -396.148283933755, 1519.829140715301, 168.3908233642578, -398.1075069713406, 1526.277495403774, 168.44088745117188, -397.4841178227216, 1533.0002538794652, 168.51406860351562, -393.93302606698126, 1539.4878193354234, 168.60670471191406, -387.99969720700756, 1543.9565987000242, 168.65321350097656]]}, "mtl": {"idx": 0}}, {"geom": {"lines": [[-388.75666974438354, 1706.6572023080662, 168.64727783203125, -375.84360881336033, 1674.1991293327883, 168.74850463867188, -336.94857873022556, 1574.06212684419, 169.05340576171875, -332.4290074026212, 1569.260130465962, 169.08883666992188]]}, "mtl": {"idx": 0}}, {"geom": {"lines": [[-204.07763451896608, 1393.9403002299368, 168.68679809570312, -264.24581929296255, 1389.0992164174095, 168.1460723876953, -319.7719812998548, 1384.6109268404543, 167.6455841064453, -373.0606215428561, 1380.318634873256, 167.16427612304688]]}, "mtl": {"idx": 0}}, {"geom": {"lines": [[-335.53482119645923, 1507.6380410417914, 168.7469024658203, -364.155062279664, 1522.4751214738935, 168.66981506347656]]}, "mtl": {"idx": 0}}, {"geom": {"lines": [[-363.96581914508715, 1533.0786534296349, 168.7781219482422, -342.02474751044065, 1531.412663159892, 168.9337615966797, -334.6220013718121, 1530.8638664428145, 168.9864501953125]]}, "mtl": {"idx": 0}}, {"geom": {"lines": [[-311.1447207638994, 1808.3835653755814, 169.25567626953125, -327.4084983691573, 1826.6121299015358, 169.12818908691406, -341.0117401438765, 1841.8418344315141, 169.02154541015625, -354.9600723395124, 1885.1202315324917, 168.91221618652344]]}, "mtl": {"idx": 0}}, {"geom": {"lines": [[-319.7719812998548, 1384.6109268404543, 167.6455841064453, -329.6126242862083, 1461.4413952492177, 168.332275390625, -334.6887930659577, 1501.0133036021143, 168.6873321533203, -335.53482119645923, 1507.6380410417914, 168.7469024658203, -330.2248814855702, 1514.8311795247719, 168.86080932617188]]}, "mtl": {"idx": 0}}, {"geom": {"lines": [[-334.6220013718121, 1530.8638664428145, 168.9864501953125, -330.68129139812663, 1549.4249769560993, 169.10252380371094, -332.4290074026212, 1569.260130465962, 169.08883666992188]]}, "mtl": {"idx": 0}}, {"geom": {"lines": [[-334.6220013718121, 1530.8638664428145, 168.9864501953125, -330.2248814855702, 1514.8311795247719, 168.86080932617188, -321.4306417130865, 1499.1513222046196, 168.77395629882812, -334.6887930659577, 1501.0133036021143, 168.6873321533203]]}, "mtl": {"idx": 0}}, {"geom": {"lines": [[-204.07763451896608, 1393.9403002299368, 168.68679809570312, -303.64178708475083, 1483.197099942714, 168.75677490234375, -321.4306417130865, 1499.1513222046196, 168.77395629882812, -328.17660285532475, 1505.2076633330435, 168.7808837890625]]}, "mtl": {"idx": 0}}, {"geom": {"lines": [[-226.93152597825974, 1604.0893716765568, 169.91580200195312, -263.15488828299567, 1640.623983129859, 169.63185119628906, -280.60978443874046, 1666.3198350258172, 169.49502563476562, -294.1796303666197, 1686.2924896655604, 169.38865661621094, -315.9537227661349, 1747.053580851294, 169.2179718017578, -311.1447207638994, 1808.3835653755814, 169.25567626953125]]},